x,y,beta, gamma, rx, ry
Features[0][0] = {157.495, 128.399, 44.9472, 0}
Features[0][1] = {123.757, 100.908, 31.2433, 0}
Features[0][2] = {82.9063, 66.229, 17.1585, 1}
Features[1][0] = {135.097, 112.601, 37.7163, 0}
Features[1][1] = {100.414, 95.5424, 27.392, 1}
Features[1][2] = {65.0359, 77.7744, 17.9811, 1.34299}
Features[2][0] = {72.1634, 87.8941, 22.6965, 1.28403}
Features[2][1] = {51.871, 87.7451, 20.3082, 1.60234}
Features[2][2] = {37.8743, 91.9855, 18.3873, 2}
